{
  "position": {
    "x": -114.60652923583984,
    "y": 3.157235258762017,
    "z": 464.6109924316406
  },
  "quaternion": {
    "x": -0.26802008155377005,
    "y": 0.6551467583763783,
    "z": 0.6552515857046073,
    "w": 0.26380545920134285
  }
}