{
  "position": {
    "x": -113.3522869293934,
    "y": 2.8874206849555506,
    "z": 462.0987624065301
  },
  "quaternion": {
    "x": -0.2661404922605016,
    "y": 0.6548436632366263,
    "z": 0.6555602210532641,
    "w": 0.26568743227855035
  }
}