{
  "position": {
    "x": -114.60652923583984,
    "y": 3.2905079424813253,
    "z": 464.6109924316406
  },
  "quaternion": {
    "x": -0.26614049226050157,
    "y": 0.6548436632366263,
    "z": 0.6555602210532641,
    "w": 0.26568743227855035
  }
}