{
  "position": {
    "x": 374.1572265625,
    "y": 87.64665985107422,
    "z": 1132.2581787109375
  },
  "quaternion": {
    "x": -0.54278687,
    "y": -0.45254948,
    "z": -0.45330913,
    "w": 0.5432239
  }
}